name,role,total_fans
かずん,メンバー,6576361914
ブンキョウドウスキー,メンバー,3946092094
リヴァイバル,サブリーダー,3743246687
はとむぎ,メンバー,3672248975
ふろん,サブリーダー,3661452068
ミュート,メンバー,3415559199
NUE,メンバー,3358874950
むっく,メンバー,3134958276
はおー,メンバー,3018265419
朴萬,メンバー,2967009031
タイガー,メンバー,2881532487
にゃんこ,リーダー,2873189128
先行しか作れんまどか,メンバー,2768464919
コロネ,メンバー,2540590940
Pureco,メンバー,2476122640
パスガード,メンバー,2336466412
やわなやわな,メンバー,2313443117
ゴリマッチョ,メンバー,1954400224
てぃーもり,メンバー,1835331951
おにぎり,メンバー,1739129836
たんないゆうじ,メンバー,1532146791
れぎ,メンバー,1434683895
…,メンバー,1378245502
長浜,メンバー,1294940416
墨染のタルア,メンバー,1187415267
フェニックス,メンバー,1105446336
しん,メンバー,904232667
GA__KKUN,メンバー,395365261
けん,メンバー,245152654
